<?xml version="1.0"?>
<config version="9.0.0" urldb="paloaltonetworks">
  <mgt-config>
    <users>
      <entry name="admin">
        <phash>*</phash>
        <permissions>
          <role-based>
            <superuser>yes</superuser>
          </role-based>
        </permissions>
      </entry>
      <entry name="paloalto">
        <phash>$1$gpduyosu$Lq3jYngPKWGawhqEDKVHZ.</phash>
        <permissions>
          <role-based>
            <superuser>yes</superuser>
          </role-based>
        </permissions>
      </entry>
    </users>
  </mgt-config>
  <shared>
    <application/>
    <application-group/>
    <service/>
    <service-group/>
    <botnet>
      <configuration>
        <http>
          <dynamic-dns>
            <enabled>yes</enabled>
            <threshold>5</threshold>
          </dynamic-dns>
          <malware-sites>
            <enabled>yes</enabled>
            <threshold>5</threshold>
          </malware-sites>
          <recent-domains>
            <enabled>yes</enabled>
            <threshold>5</threshold>
          </recent-domains>
          <ip-domains>
            <enabled>yes</enabled>
            <threshold>10</threshold>
          </ip-domains>
          <executables-from-unknown-sites>
            <enabled>yes</enabled>
            <threshold>5</threshold>
          </executables-from-unknown-sites>
        </http>
        <other-applications>
          <irc>yes</irc>
        </other-applications>
        <unknown-applications>
          <unknown-tcp>
            <destinations-per-hour>10</destinations-per-hour>
            <sessions-per-hour>10</sessions-per-hour>
            <session-length>
              <maximum-bytes>100</maximum-bytes>
              <minimum-bytes>50</minimum-bytes>
            </session-length>
          </unknown-tcp>
          <unknown-udp>
            <destinations-per-hour>10</destinations-per-hour>
            <sessions-per-hour>10</sessions-per-hour>
            <session-length>
              <maximum-bytes>100</maximum-bytes>
              <minimum-bytes>50</minimum-bytes>
            </session-length>
          </unknown-udp>
        </unknown-applications>
      </configuration>
      <report>
        <topn>100</topn>
        <scheduled>yes</scheduled>
      </report>
    </botnet>
  </shared>
  <devices>
    <entry name="localhost.localdomain">
      <network>
        <interface>
          <ethernet>
            <entry name="ethernet1/2">
              <layer3>
                <ipv6>
                  <enabled>no</enabled>
                </ipv6>
                <interface-management-profile>allow-health-probe</interface-management-profile>
                <adjust-tcp-mss>
                  <enable>no</enable>
                </adjust-tcp-mss>
                <dhcp-client>
                  <enable>yes</enable>
                  <create-default-route>no</create-default-route>
                </dhcp-client>
              </layer3>
              <comment/>
            </entry>
            <entry name="ethernet1/1">
              <layer3>
                <ipv6>
                  <enabled>no</enabled>
                </ipv6>
                <interface-management-profile>allow-health-probe</interface-management-profile>
                <adjust-tcp-mss>
                  <enable>no</enable>
                </adjust-tcp-mss>
                <dhcp-client>
                  <enable>yes</enable>
                  <create-default-route>no</create-default-route>
                </dhcp-client>
              </layer3>
              <comment/>
            </entry>
          </ethernet>
        </interface>
        <profiles>
          <monitor-profile>
            <entry name="default">
              <interval>3</interval>
              <threshold>5</threshold>
              <action>wait-recover</action>
            </entry>
          </monitor-profile>
          <interface-management-profile>
            <entry name="allow-health-probe">
              <ping>no</ping>
              <telnet>no</telnet>
              <ssh>yes</ssh>
              <http>no</http>
              <http-ocsp>no</http-ocsp>
              <https>no</https>
              <snmp>no</snmp>
              <response-pages>no</response-pages>
              <userid-service>no</userid-service>
              <userid-syslog-listener-ssl>no</userid-syslog-listener-ssl>
              <userid-syslog-listener-udp>no</userid-syslog-listener-udp>
              <permitted-ip>
                <entry name="168.63.129.16/32"/>
              </permitted-ip>
            </entry>
          </interface-management-profile>
        </profiles>
        <ike>
          <crypto-profiles>
            <ike-crypto-profiles>
              <entry name="default">
                <encryption>
                  <member>aes-128-cbc</member>
                  <member>3des</member>
                </encryption>
                <hash>
                  <member>sha1</member>
                </hash>
                <dh-group>
                  <member>group2</member>
                </dh-group>
                <lifetime>
                  <hours>8</hours>
                </lifetime>
              </entry>
              <entry name="Suite-B-GCM-128">
                <encryption>
                  <member>aes-128-cbc</member>
                </encryption>
                <hash>
                  <member>sha256</member>
                </hash>
                <dh-group>
                  <member>group19</member>
                </dh-group>
                <lifetime>
                  <hours>8</hours>
                </lifetime>
              </entry>
              <entry name="Suite-B-GCM-256">
                <encryption>
                  <member>aes-256-cbc</member>
                </encryption>
                <hash>
                  <member>sha384</member>
                </hash>
                <dh-group>
                  <member>group20</member>
                </dh-group>
                <lifetime>
                  <hours>8</hours>
                </lifetime>
              </entry>
            </ike-crypto-profiles>
            <ipsec-crypto-profiles>
              <entry name="default">
                <esp>
                  <encryption>
                    <member>aes-128-cbc</member>
                    <member>3des</member>
                  </encryption>
                  <authentication>
                    <member>sha1</member>
                  </authentication>
                </esp>
                <dh-group>group2</dh-group>
                <lifetime>
                  <hours>1</hours>
                </lifetime>
              </entry>
              <entry name="Suite-B-GCM-128">
                <esp>
                  <encryption>
                    <member>aes-128-gcm</member>
                  </encryption>
                  <authentication>
                    <member>none</member>
                  </authentication>
                </esp>
                <dh-group>group19</dh-group>
                <lifetime>
                  <hours>1</hours>
                </lifetime>
              </entry>
              <entry name="Suite-B-GCM-256">
                <esp>
                  <encryption>
                    <member>aes-256-gcm</member>
                  </encryption>
                  <authentication>
                    <member>none</member>
                  </authentication>
                </esp>
                <dh-group>group20</dh-group>
                <lifetime>
                  <hours>1</hours>
                </lifetime>
              </entry>
            </ipsec-crypto-profiles>
            <global-protect-app-crypto-profiles>
              <entry name="default">
                <encryption>
                  <member>aes-128-cbc</member>
                </encryption>
                <authentication>
                  <member>sha1</member>
                </authentication>
              </entry>
            </global-protect-app-crypto-profiles>
          </crypto-profiles>
        </ike>
        <qos>
          <profile>
            <entry name="default">
              <class>
                <entry name="class1">
                  <priority>real-time</priority>
                </entry>
                <entry name="class2">
                  <priority>high</priority>
                </entry>
                <entry name="class3">
                  <priority>high</priority>
                </entry>
                <entry name="class4">
                  <priority>medium</priority>
                </entry>
                <entry name="class5">
                  <priority>medium</priority>
                </entry>
                <entry name="class6">
                  <priority>low</priority>
                </entry>
                <entry name="class7">
                  <priority>low</priority>
                </entry>
                <entry name="class8">
                  <priority>low</priority>
                </entry>
              </class>
            </entry>
          </profile>
        </qos>
        <virtual-router>
          <entry name="untrust-vr">
            <protocol>
              <bgp>
                <enable>no</enable>
                <dampening-profile>
                  <entry name="default">
                    <cutoff>1.25</cutoff>
                    <reuse>0.5</reuse>
                    <max-hold-time>900</max-hold-time>
                    <decay-half-life-reachable>300</decay-half-life-reachable>
                    <decay-half-life-unreachable>900</decay-half-life-unreachable>
                    <enable>yes</enable>
                  </entry>
                </dampening-profile>
                <routing-options>
                  <graceful-restart>
                    <enable>yes</enable>
                  </graceful-restart>
                </routing-options>
              </bgp>
              <rip>
                <enable>no</enable>
              </rip>
              <ospf>
                <enable>no</enable>
              </ospf>
              <ospfv3>
                <enable>no</enable>
              </ospfv3>
            </protocol>
            <interface>
              <member>ethernet1/1</member>
            </interface>
            <admin-dists>
              <static>10</static>
              <static-ipv6>10</static-ipv6>
              <ospf-int>30</ospf-int>
              <ospf-ext>110</ospf-ext>
              <ospfv3-int>30</ospfv3-int>
              <ospfv3-ext>110</ospfv3-ext>
              <ibgp>200</ibgp>
              <ebgp>20</ebgp>
              <rip>120</rip>
            </admin-dists>
            <routing-table>
              <ip>
                <static-route>
                  <entry name="default">
                    <nexthop>
                      <ip-address>10.0.1.1</ip-address>
                    </nexthop>
                    <bfd>
                      <profile>None</profile>
                    </bfd>
                    <path-monitor>
                      <enable>no</enable>
                      <failure-condition>any</failure-condition>
                      <hold-time>2</hold-time>
                    </path-monitor>
                    <interface>ethernet1/1</interface>
                    <metric>10</metric>
                    <destination>0.0.0.0/0</destination>
                    <route-table>
                      <unicast/>
                    </route-table>
                  </entry>
                  <entry name="to-spoke1">
                    <path-monitor>
                      <enable>no</enable>
                      <failure-condition>any</failure-condition>
                      <hold-time>2</hold-time>
                    </path-monitor>
                    <nexthop>
                      <next-vr>trust-vr</next-vr>
                    </nexthop>
                    <bfd>
                      <profile>None</profile>
                    </bfd>
                    <metric>10</metric>
                    <destination>10.1.0.0/16</destination>
                    <route-table>
                      <unicast/>
                    </route-table>
                  </entry>
                  <entry name="to-spoke2">
                    <path-monitor>
                      <enable>no</enable>
                      <failure-condition>any</failure-condition>
                      <hold-time>2</hold-time>
                    </path-monitor>
                    <nexthop>
                      <next-vr>trust-vr</next-vr>
                    </nexthop>
                    <bfd>
                      <profile>None</profile>
                    </bfd>
                    <metric>10</metric>
                    <destination>10.2.0.0/16</destination>
                    <route-table>
                      <unicast/>
                    </route-table>
                  </entry>
                </static-route>
              </ip>
            </routing-table>
            <ecmp>
              <algorithm>
                <ip-modulo/>
              </algorithm>
            </ecmp>
          </entry>
          <entry name="trust-vr">
            <interface>
              <member>ethernet1/2</member>
            </interface>
            <admin-dists>
              <static>10</static>
              <static-ipv6>10</static-ipv6>
              <ospf-int>30</ospf-int>
              <ospf-ext>110</ospf-ext>
              <ospfv3-int>30</ospfv3-int>
              <ospfv3-ext>110</ospfv3-ext>
              <ibgp>200</ibgp>
              <ebgp>20</ebgp>
              <rip>120</rip>
            </admin-dists>
            <routing-table>
              <ip>
                <static-route>
                  <entry name="health-probe">
                    <nexthop>
                      <ip-address>10.0.2.1</ip-address>
                    </nexthop>
                    <bfd>
                      <profile>None</profile>
                    </bfd>
                    <path-monitor>
                      <enable>no</enable>
                      <failure-condition>any</failure-condition>
                      <hold-time>2</hold-time>
                    </path-monitor>
                    <interface>ethernet1/2</interface>
                    <metric>10</metric>
                    <destination>168.63.129.16/32</destination>
                    <route-table>
                      <unicast/>
                    </route-table>
                  </entry>
                  <entry name="default">
                    <nexthop>
                      <next-vr>untrust-vr</next-vr>
                    </nexthop>
                    <bfd>
                      <profile>None</profile>
                    </bfd>
                    <path-monitor>
                      <enable>no</enable>
                      <failure-condition>any</failure-condition>
                      <hold-time>2</hold-time>
                    </path-monitor>
                    <metric>10</metric>
                    <destination>0.0.0.0/0</destination>
                    <route-table>
                      <unicast/>
                    </route-table>
                  </entry>
                  <entry name="spoke1">
                    <path-monitor>
                      <enable>no</enable>
                      <failure-condition>any</failure-condition>
                      <hold-time>2</hold-time>
                    </path-monitor>
                    <nexthop>
                      <ip-address>10.0.2.1</ip-address>
                    </nexthop>
                    <bfd>
                      <profile>None</profile>
                    </bfd>
                    <interface>ethernet1/2</interface>
                    <metric>10</metric>
                    <destination>10.1.0.0/16</destination>
                    <route-table>
                      <unicast/>
                    </route-table>
                  </entry>
                  <entry name="spoke2">
                    <path-monitor>
                      <enable>no</enable>
                      <failure-condition>any</failure-condition>
                      <hold-time>2</hold-time>
                    </path-monitor>
                    <nexthop>
                      <ip-address>10.0.2.1</ip-address>
                    </nexthop>
                    <bfd>
                      <profile>None</profile>
                    </bfd>
                    <interface>ethernet1/2</interface>
                    <metric>10</metric>
                    <destination>10.2.0.0/16</destination>
                    <route-table>
                      <unicast/>
                    </route-table>
                  </entry>
                </static-route>
              </ip>
            </routing-table>
            <ecmp>
              <algorithm>
                <ip-modulo/>
              </algorithm>
            </ecmp>
            <protocol>
              <bgp>
                <routing-options>
                  <graceful-restart>
                    <enable>yes</enable>
                  </graceful-restart>
                </routing-options>
                <enable>no</enable>
              </bgp>
              <rip>
                <enable>no</enable>
              </rip>
              <ospf>
                <enable>no</enable>
              </ospf>
              <ospfv3>
                <enable>no</enable>
              </ospfv3>
            </protocol>
          </entry>
        </virtual-router>
      </network>
      <deviceconfig>
        <system>
          <type>
            <dhcp-client>
              <send-hostname>yes</send-hostname>
              <send-client-id>no</send-client-id>
              <accept-dhcp-hostname>yes</accept-dhcp-hostname>
              <accept-dhcp-domain>no</accept-dhcp-domain>
            </dhcp-client>
          </type>
          <update-server>updates.paloaltonetworks.com</update-server>
          <update-schedule>
            <threats>
              <recurring>
                <weekly>
                  <day-of-week>wednesday</day-of-week>
                  <at>01:02</at>
                  <action>download-only</action>
                </weekly>
              </recurring>
            </threats>
          </update-schedule>
          <timezone>US/Pacific</timezone>
          <service>
            <disable-telnet>yes</disable-telnet>
            <disable-http>yes</disable-http>
          </service>
          <hostname>vmseries-fw1-osprofile</hostname>
          <dns-setting>
            <servers>
              <primary>8.8.8.8</primary>
              <secondary>8.8.4.4</secondary>
            </servers>
          </dns-setting>
        </system>
        <setting>
          <config>
            <rematch>yes</rematch>
          </config>
          <management>
            <hostname-type-in-syslog>FQDN</hostname-type-in-syslog>
            <initcfg>
              <hostname>vmseries-fw1-osprofile</hostname>
              <username>paloalto</username>
              <type>
                <dhcp-client>
                  <send-hostname>yes</send-hostname>
                  <send-client-id>no</send-client-id>
                  <accept-dhcp-hostname>yes</accept-dhcp-hostname>
                  <accept-dhcp-domain>no</accept-dhcp-domain>
                </dhcp-client>
              </type>
            </initcfg>
          </management>
        </setting>
      </deviceconfig>
      <vsys>
        <entry name="vsys1">
          <application/>
          <application-group/>
          <zone>
            <entry name="trust-zone">
              <network>
                <layer3>
                  <member>ethernet1/2</member>
                </layer3>
              </network>
              <enable-user-identification>no</enable-user-identification>
            </entry>
            <entry name="untrust-zone">
              <network>
                <layer3>
                  <member>ethernet1/1</member>
                </layer3>
              </network>
              <enable-user-identification>no</enable-user-identification>
            </entry>
          </zone>
          <service/>
          <service-group/>
          <schedule/>
          <rulebase>
            <security>
              <rules>
                <entry name="lb-health-check" uuid="8916c221-ec15-4dbe-92af-f75a88beb713">
                  <to>
                    <member>any</member>
                  </to>
                  <from>
                    <member>any</member>
                  </from>
                  <source>
                    <member>azure-lb-probe</member>
                  </source>
                  <destination>
                    <member>any</member>
                  </destination>
                  <source-user>
                    <member>any</member>
                  </source-user>
                  <category>
                    <member>any</member>
                  </category>
                  <application>
                    <member>any</member>
                  </application>
                  <service>
                    <member>any</member>
                  </service>
                  <hip-profiles>
                    <member>any</member>
                  </hip-profiles>
                  <action>allow</action>
                </entry>
                <entry name="inbound-web" uuid="85d4e200-0fa3-4ebb-a1b1-ee082cce3482">
                  <to>
                    <member>trust-zone</member>
                  </to>
                  <from>
                    <member>untrust-zone</member>
                  </from>
                  <source>
                    <member>any</member>
                  </source>
                  <destination>
                    <member>any</member>
                  </destination>
                  <source-user>
                    <member>any</member>
                  </source-user>
                  <category>
                    <member>any</member>
                  </category>
                  <application>
                    <member>ssl</member>
                    <member>web-browsing</member>
                  </application>
                  <service>
                    <member>application-default</member>
                  </service>
                  <hip-profiles>
                    <member>any</member>
                  </hip-profiles>
                  <action>allow</action>
                  <profile-setting>
                    <profiles>
                      <url-filtering>
                        <member>default</member>
                      </url-filtering>
                      <file-blocking>
                        <member>basic file blocking</member>
                      </file-blocking>
                      <virus>
                        <member>default</member>
                      </virus>
                      <spyware>
                        <member>default</member>
                      </spyware>
                      <vulnerability>
                        <member>default</member>
                      </vulnerability>
                      <wildfire-analysis>
                        <member>default</member>
                      </wildfire-analysis>
                    </profiles>
                  </profile-setting>
                </entry>
                <entry name="east-west" uuid="fe588943-ba0d-459e-bc26-b3d84c1821c9">
                  <rule-type>universal</rule-type>
                  <from>
                    <member>trust-zone</member>
                  </from>
                  <to>
                    <member>trust-zone</member>
                  </to>
                  <source>
                    <member>any</member>
                  </source>
                  <negate-source>no</negate-source>
                  <source-user>
                    <member>any</member>
                  </source-user>
                  <hip-profiles>
                    <member>any</member>
                  </hip-profiles>
                  <destination>
                    <member>any</member>
                  </destination>
                  <negate-destination>no</negate-destination>
                  <application>
                    <member>ping</member>
                    <member>ssh</member>
                  </application>
                  <service>
                    <member>application-default</member>
                  </service>
                  <category>
                    <member>any</member>
                  </category>
                  <action>allow</action>
                  <log-start>no</log-start>
                  <log-end>yes</log-end>
                  <disabled>no</disabled>
                  <icmp-unreachable>no</icmp-unreachable>
                  <option>
                    <disable-server-response-inspection>no</disable-server-response-inspection>
                  </option>
                  <profile-setting>
                    <profiles>
                      <virus>
                        <member>default</member>
                      </virus>
                      <spyware>
                        <member>default</member>
                      </spyware>
                      <vulnerability>
                        <member>default</member>
                      </vulnerability>
                      <url-filtering>
                        <member>default</member>
                      </url-filtering>
                      <file-blocking>
                        <member>basic file blocking</member>
                      </file-blocking>
                      <wildfire-analysis>
                        <member>default</member>
                      </wildfire-analysis>
                    </profiles>
                  </profile-setting>
                </entry>
                <entry name="outbound" uuid="f83486cf-a3f1-42e6-8fab-6ee83715b7e5">
                  <rule-type>universal</rule-type>
                  <from>
                    <member>trust-zone</member>
                  </from>
                  <to>
                    <member>untrust-zone</member>
                  </to>
                  <source>
                    <member>any</member>
                  </source>
                  <negate-source>no</negate-source>
                  <source-user>
                    <member>any</member>
                  </source-user>
                  <hip-profiles>
                    <member>any</member>
                  </hip-profiles>
                  <destination>
                    <member>any</member>
                  </destination>
                  <negate-destination>no</negate-destination>
                  <application>
                    <member>apt-get</member>
                    <member>ntp</member>
                    <member>ping</member>
                    <member>ssl</member>
                    <member>web-browsing</member>
                  </application>
                  <service>
                    <member>application-default</member>
                  </service>
                  <category>
                    <member>any</member>
                  </category>
                  <action>allow</action>
                  <log-start>no</log-start>
                  <log-end>yes</log-end>
                  <disabled>no</disabled>
                  <icmp-unreachable>no</icmp-unreachable>
                  <option>
                    <disable-server-response-inspection>no</disable-server-response-inspection>
                  </option>
                  <profile-setting>
                    <profiles>
                      <virus>
                        <member>default</member>
                      </virus>
                      <spyware>
                        <member>default</member>
                      </spyware>
                      <vulnerability>
                        <member>default</member>
                      </vulnerability>
                      <url-filtering>
                        <member>default</member>
                      </url-filtering>
                      <file-blocking>
                        <member>basic file blocking</member>
                      </file-blocking>
                      <wildfire-analysis>
                        <member>default</member>
                      </wildfire-analysis>
                    </profiles>
                  </profile-setting>
                </entry>
              </rules>
            </security>
            <nat>
              <rules>
                <entry name="azure-probe-no-nat" uuid="bc603815-7988-4b00-8ae4-bcc30eea4786">
                  <nat-type>ipv4</nat-type>
                  <from>
                    <member>untrust-zone</member>
                  </from>
                  <to>
                    <member>untrust-zone</member>
                  </to>
                  <to-interface>any</to-interface>
                  <service>any</service>
                  <source>
                    <member>azure-lb-probe</member>
                  </source>
                  <destination>
                    <member>any</member>
                  </destination>
                  <disabled>no</disabled>
                </entry>
                <entry name="outbound" uuid="efe99474-9b30-4595-bed4-ba7234e7fa4b">
                  <description/>
                  <nat-type>ipv4</nat-type>
                  <from>
                    <member>trust-zone</member>
                  </from>
                  <to>
                    <member>untrust-zone</member>
                  </to>
                  <to-interface>any</to-interface>
                  <service>any</service>
                  <source>
                    <member>any</member>
                  </source>
                  <destination>
                    <member>any</member>
                  </destination>
                  <source-translation>
                    <dynamic-ip-and-port>
                      <interface-address>
                        <interface>ethernet1/1</interface>
                      </interface-address>
                    </dynamic-ip-and-port>
                  </source-translation>
                  <disabled>no</disabled>
                </entry>
              </rules>
            </nat>
            <default-security-rules>
              <rules>
                <entry name="intrazone-default" uuid="c1421955-3009-4647-b06b-f5f95cfed13d">
                  <action>deny</action>
                  <log-start>no</log-start>
                  <log-end>yes</log-end>
                </entry>
                <entry name="interzone-default" uuid="6953a742-08dc-4207-816e-46beed5d2a45">
                  <action>deny</action>
                  <log-start>no</log-start>
                  <log-end>yes</log-end>
                </entry>
              </rules>
            </default-security-rules>
          </rulebase>
          <import>
            <network>
              <interface>
                <member>ethernet1/2</member>
                <member>ethernet1/1</member>
              </interface>
            </network>
          </import>
          <address>
            <entry name="azure-lb-probe">
              <ip-netmask>168.63.129.16/32</ip-netmask>
              <tag>
                <member>azure-resource</member>
              </tag>
            </entry>
          </address>
          <tag>
            <entry name="untrust-zone">
              <color>color6</color>
            </entry>
            <entry name="trust-zone">
              <color>color13</color>
            </entry>
            <entry name="azure-resource">
              <color>color24</color>
            </entry>
          </tag>
        </entry>
      </vsys>
    </entry>
  </devices>
</config>
